duration,src_bytes,dst_bytes,wrong_fragment,urgent,label
0,491,0,0,0,normal
2,146,0,0,0,attack
3,232,8153,0,0,normal
1,199,420,0,0,attack
0,300,100,1,0,normal
5,400,200,0,1,attack
6,500,300,0,0,normal
2,600,100,1,0,attack
3,150,400,0,0,normal
4,250,600,0,0,attack
1,350,120,0,0,normal
4,800,50,1,0,attack
2,120,600,0,0,normal
7,900,100,0,1,attack
3,450,300,0,0,normal
5,700,0,1,0,attack
0,200,500,0,0,normal
6,1000,150,0,0,attack
2,275,450,0,0,normal
8,850,75,1,0,attack
1,180,320,0,0,normal
9,1200,60,0,1,attack
3,310,700,0,0,normal
4,950,80,1,0,attack
2,400,550,0,0,normal
6,1100,90,0,1,attack
1,260,480,0,0,normal
7,980,40,1,0,attack
3,500,620,0,0,normal
5,1050,130,0,1,attack
2,340,510,0,0,normal
8,1150,70,1,0,attack
4,290,430,0,0,normal
6,1020,110,0,1,attack
1,310,390,0,0,normal
9,1250,55,1,0,attack
3,370,580,0,0,normal
7,1080,95,0,1,attack
2,410,460,0,0,normal
5,990,140,1,0,attack
0,230,520,0,0,normal
8,1180,85,0,1,attack
4,360,610,0,0,normal
6,1110,100,1,0,attack
1,295,470,0,0,normal
9,1300,65,0,1,attack
3,420,590,0,0,normal
7,1040,120,1,0,attack
2,380,540,0,0,normal
5,970,150,0,1,attack
